TIS,IFNG,IL1beta,CD8_Cytotoxic_T_cells,M1,M2,NK_cell_activity,Treg,Th1,Th2,Th17,B-cell,Neutrophils,NK_cytotoxic_cells,MDSC,Angiogenesis,Antigen_Presentation,Autophagy,Costimulatory_Signaling,Cytokine_and_Chemokine_Signaling,DNA_Damage_Repair,Epigenetic_Regulation,Hedgehog_Signaling,Hypoxia_2,Immune_Cell_Adhesion_and_Migration,Interferon_Signaling,JAK-STAT_Signaling,Lymphoid_Compartment,MAPK,Matrix_Remodeling_and_Metastasis,Myeloid_Compartment,NF-kappaB_Signaling,Notch_Signaling,PI3K-Akt,TGF-beta_Signaling,Wnt_Signaling,Apoptosis_NS,Metabolic_Stress_NS,Macrophage
CCL5,CD3D,BIRC3,CD8A,FCGR1A,CCL22,CD96,CTLA4,TBX21,CCR4,CCL20,BLK,CEACAM3,IL21R,ARG1,ANGPT1,ATF3,AKT1,ADORA2A,AKT1,ATM,ARID1A,BMP2,CYBB,CD2,B2M,AKT1,BLK,AKT1,A2M,ANGPT1,BIRC3,APH1B,AKT1,ACVR1C,APC,AKT1,AKT1,CD163
CD27,IDO1,CCL2,CD8B,CD86,CCL18,GNLY,FOXP3,CASP1,CXCR6,IL17A,CD19,CSF3R,KIR2DL3,IDO1,ANGPT2,B2M,BAD,AKT1,CCL13,BLM,BNIP3,GAS1,P4HA1,CD274,CD44,BCL2,CCR4,ANGPT1,BMP2,AREG,CD27,CCND1,ANGPT1,BAMBI,AXIN1,APC,AQP9,CD68
CD274,CD3E,CCL20,CTSW,CXCL10,CD209,GZMA,IL10,CCL4,IL4,IRF4,FCRL2,FCAR,KIR3DL1,IL10,ANGPTL4,BATF3,BCL2,BTLA,CCL14,BRCA1,BRD3,GLI1,SLC2A1,CD276,EGR1,BCL2L1,CD19,ANGPT2,CASP3,ARG1,CD40,DLL1,ANGPT2,BMP2,BAMBI,BAD,ATM,CD84
CD276,CCL5,CD40,GNLY,CXCL9,MYC,GZMB,IL2RA,CCR2,IRF4,RORC,MS4A1,FPR1,KIR3DL2,STAT3,CCND2,CCL4,BCL2L1,CD2,CCL18,BRCA2,BRD4,IHH,BNIP3L,CD28,EIF2AK2,CCND1,CD1C,BAD,CD36,C5AR1,CD40LG,DLL4,BAD,CDKN2B,CCND1,BAX,CCNA1,MS4A4A
CD8A,GZMK,CSF2,GZMA,IL1B,CCL13,GZMH,ITGAE,CCR5,STAT4,STAT3,PNOC,S100A12,NCR1,TGFB1,CCNE1,CCR5,BNIP3,CD247,CCL19,BRIP1,CCND1,PRKACB,PLOD2,CD4,FCGR1A,CCND2,CD2,BCL2L1,CD44,CCL2,CD70,DTX3L,BCL2,ID4,CCND2,BBC3,CCNE1,CSF2
CMKLR1,CD2,CSF3,GZMB,IL6,JAK2,GZMK,RORC,CD38,,TBX21,SPIB,SIGLEC5,KLRB1,,CES3,CD1C,DEPTOR,CD27,CCL2,CCNA1,DNMT1,PRKX,EDN1,CD40,FLNB,CCND3,CD27,CASP3,CD47,CCL20,CHUK,DTX4,BCL2L1,IFNG,CCND3,BCL2,CD300A,VEGFA
CXCL9,HLA-DRA,CX3CL1,GZMH,CXCL11,CCND1,GZMM,TBX21,CSF2,,,TCL1A,,KLRD1,,DLL4,CD36,HIF1A,CD274,CCL20,CCNO,EZH2,PSMB10,TNFSF10,CD40LG,GBP1,CDKN1A,CD274,CD14,CDH1,CCL4,FASLG,E2F3,BRCA1,INHBA,CTNNB1,BCL2L1,CDK2,
CXCR6,CXCL13,CXCL1,PRF1,TNF,CD163,IFI16,TGFB1,CTLA4,,,TNFRSF17,,KLRK1,,E2F3,CD4,HMGB1,CD28,CCL21,CDK2,H2AFX,PSMB5,PIK3R5,CD58,GBP2,CNTFR,CD28,CHUK,COL11A1,CCL5,IKBKB,GZMB,CASP9,LTBP1,DKK1,BCL6B,CDK6,
HLA-DQA1,IL2RG,CXCL2,GZMK,GBP1,,IFI35,,CXCR3,,,,,NKG7,,EDN1,CD74,HRAS,CD3D,CCL22,DDB2,HDAC11,PSMB8,TFRC,CD6,GBP4,CSF2,CD38,CSF1,COL11A2,CCL8,IKBKG,HDAC11,CCND1,MYC,FOSL1,BID,CDKN1A,
HLA-DRB1,NKG7,CXCL3,GZMM,CCL5,,IFIH1,,IFNG,,,,,CTSW,,EZH2,CD8A,KRAS,CD3E,CCL3/L1,ERCC3,HDAC3,PSMB9,ERO1A,CD80,GHR,CSF2RB,CD3D,CSF1R,COL17A1,CD14,LTB,HDAC3,CCND2,RBL2,FZD8,BIRC3,CDKN2A,
HLA-E,HLA-E,CXCL5,RUNX3,JAK2,,IFIT2,,NFKBIA,,,,,GNLY,,FGF18,CD8B,MAP3K7,CD3G,CCL4,EXO1,HDAC4,PSMC4,PDK1,CD86,HLA-A,CSF3,CD3E,DUSP1,COL4A5,CD47,NFKB1,HDAC4,CCND3,ROCK1,FZD9,BIRC5,CDKN2B,
IDO1,CXCR6,CXCL6,,IL1A,,IFITM2,,IL12RB2,,,,,GZMA,,FGFR1,CDC20,MAPK10,CD4,CCL5,FANCA,HDAC5,UBB,IFNGR2,CD8A,HLA-B,CSF3R,CD3G,DUSP2,COL5A1,CDKN1A,NFKB2,HDAC5,CCNE1,RPS6KB1,GPC4,BLM,CEBPB,
LAG3,LAG3,CXCL8,,STAT1,,KIR2DL3,,PRF1,,,,,GZMB,,FLT1,CTSS,MTOR,CD40,CCL7,H2AFX,HELLS,WNT10A,VHL,CD8B,HLA-C,GHR,CD40,DUSP5,COL6A3,CEBPB,NFKBIA,HES1,CD19,SMAD5,MAP3K7,CASP1,CXCL8,
NKG7,CXCL10,IL1B,,IRF7,,KIR3DL1,,CCL5,,,,,PRF1,,FSTL3,CTSW,NRAS,CD40LG,CCL8,ISG15,HMGA1,WNT11,PIK3CD,CDH1,HLA-DPA1,HRAS,CD40LG,EGF,COMP,CLEC4E,NFKBIE,HEY1,CDK2,TGFB1,MAPK10,CASP3,DEPTOR,
PDCD1LG2,STAT1,IL6,,CCND1,,KIR3DL2,,SPP1,,,,,RUNX3,,HEY1,CXCL1,PIK3CA,CD44,CCR2,MGMT,JAK2,WNT2,ENO1,CDH2,HLA-DPB1,IFNA1,CD48,EGFR,CTSS,CLEC5A,PSMB10,HIF1A,CDK6,TGFB2,MMP7,CASP8,E2F3,
PSMB10,GZMB,INHBA,,IRF8,,KLRB1,,STAT1,,,,,,,ITGAV,CYBB,PIK3CD,CD48,CCR4,MLH1,KAT2B,WNT2B,BNIP3,CDH5,HLA-DQA1,IFNAR1,CD5,FAS,ICAM1,CLEC7A,PSMB5,JAG1,CDKN1A,TGFB3,MYC,CASP9,EGFR,
STAT1,CD274,LIF,,IRF5,,KLRD1,,STAT4,,,,,,,ITPK1,DTX3L,PIK3R1,CD69,CCR5,MSH2,MAP3K12,WNT3A,PIK3CA,CLEC14A,HLA-DQA2,IFNG,CD6,FASLG,ICAM2,COL11A1,PSMB8,JAG2,CHUK,TGFBR1,NFATC2,CD14,EIF4EBP1,
TIGIT,CXCL9,NOS2,,,,KLRK1,,TNF,,,,,,,JAG1,FCGR1A,PIK3R2,CD70,CHUK,MSH6,,WNT4,PRKCA,CLEC4E,HLA-DQB1,IFNGR1,CD7,FGF13,ICAM3,COL17A1,PSMB9,KAT2B,COL4A5,TGFBR2,PRKACB,CDH1,ENO1,
,IFNG,PTGS2,,,,MICB,,,,,,,,,MMP9,HLA-A,PRKAA2,CD80,CSF1,NBN,,WNT5A,PIK3CG,CLEC5A,HLA-DRA,IFNGR2,CD70,FGF18,ITGA1,CRABP2,PSMC4,MAML2,COL6A3,THBS1,PRKCA,CTNNB1,ERBB2,
,LAG3,TNFAIP3,,,,NCAM1,,,,,,,,,MMRN2,HLA-B,PRKACB,CD86,CSF1R,NEIL1,,WNT5B,HIF1A,CLEC7A,HLA-DRB1,IL10,CD79A,FGF9,ITGA2,CSF1,RELA,MFNG,COMP,TNF,SFRP1,FADD,ERO1A,
,,TNFAIP6,,,,NCR1,,,,,,,,,NFIL3,HLA-C,PTEN,CHUK,CSF2,PARP4,,WNT7B,IL6,CLECL1,HLA-DRB5,IL10RA,CD79B,FGFR1,ITGA4,CSF1R,RELB,MYC,CSF1,UBB,SFRP4,GZMB,EZH2,
,,TNFRSF11B,,,,NKG7,,,,,,,,,PDGFB,HLA-DMA,RPS6KB1,CTLA4,CSF2RB,PIAS4,,,RPS6KB1,CTLA4,HLA-E,IL11,CD80,FLNB,ITGA6,CSF3R,RELN,NOTCH1,CSF1R,,SOX11,HMGB1,FBP1,
,,TRAF1,,,,PRF1,,,,,,,,,PGPEP1,HLA-DMB,RPTOR,DPP4,CSF3,PMS2,,,TP53,CTNNB1,HLA-F,IL11RA,CD86,FLT1,ITGAE,CXCL1,TNF,NOTCH2,CSF3,,SOX2,LY96,FGFR1,
,,ZC3H12A,,,,PVR,,,,,,,,,RPL7A,HLA-DOA,,EGR1,CSF3R,POLD1,,,LOXL2,CXCL12,ICAM1,IL12RB2,CD8A,GNG4,ITGAL,CXCL12,TNFRSF11A,TP53,CSF3R,,TP53,PSMB10,G6PD,
,,,,,,SELL,,,,,,,,,SERPINB5,HLA-DOB,,FYN,CX3CL1,POLR2A,,,TLR4,CXCR4,IFI16,IL15,CD8B,HRAS,ITGAM,CXCL2,TNFRSF11B,UBB,EGF,,WNT10A,PSMB5,GLS,
,,,,,,SELP,,,,,,,,,SERPINH1,HLA-DPA1,,HAVCR2,CX3CR1,RAD50,,,HK1,CYBB,IFI27,IL2,CD96,IKBKB,ITGAV,CXCL3,TNFRSF14,,EGFR,,WNT11,PSMB8,GOT1,
,,,,,,SLAMF7,,,,,,,,,STC1,HLA-DPB1,,HLA-DPA1,CXCL1,RAD51,,,IFNGR1,HLA-A,IFI35,IL21R,CTLA4,IKBKG,ITGAX,CXCL5,TNFRSF17,,EIF4EBP1,,WNT2,PSMB9,GOT2,
,,,,,,TIGIT,,,,,,,,,THBS1,HLA-DQA1,,HLA-DPB1,CXCL10,RAD51C,,,RELA,HLA-B,IFI6,IL22RA1,CX3CL1,IL1A,ITGB2,CXCL6,TNFRSF18,,FASLG,,WNT2B,PSMC4,H2AFX,
,,,,,,,,,,,,,,,TNFAIP6,HLA-DQA2,,HLA-DQA1,CXCL11,TNKS,,,FLT1,HLA-C,IFIH1,IL24,CXCL10,IL1B,ITGB3,CYBB,TNFRSF1A,,FGF13,,WNT3A,RIPK1,HIF1A,
,,,,,,,,,,,,,,,TPM1,HLA-DQB1,,HLA-DQA2,CXCL12,TP53,,,PFKFB3,HLA-DMA,IFIT1,IL2RA,CXCL11,IL1R2,ITGB8,DAB2,TNFRSF1B,,FGF18,,WNT4,RIPK3,HK1,
,,,,,,,,,,,,,,,TYMP,HLA-DRA,,HLA-DQB1,CXCL13,UBA7,,,HK2,HLA-DMB,IFIT2,IL2RB,CXCL13,KDR,KDR,DLL4,TNFRSF25,,FGF9,,WNT5A,ROCK1,HK2,
,,,,,,,,,,,,,,,VCAN,HLA-DRB1,,HLA-DRA,CXCL14,UBB,,,EGF,HLA-DOA,IFIT3,IL2RG,CXCL16,KIT,LAMA1,FCAR,TNFRSF4,,FGFR1,,WNT5B,TICAM1,HMGA1,
,,,,,,,,,,,,,,,VEGFA,HLA-DRB5,,HLA-DRB1,CXCL16,UBE2T,,,ALDOC,HLA-DOB,IFITM1,IL4,CXCL9,KRAS,LAMB3,FCGR1A,TNFSF12,,FLT1,,WNT7B,TLR3,HRAS,
,,,,,,,,,,,,,,,VEGFB,HLA-E,,HLA-DRB5,CXCL2,XCL1/2,,,P4HA2,HLA-DPA1,IFITM2,IL6,CXCR3,MAP3K12,LAMC2,FCN1,TNFSF13,,GHR,,,TLR4,IKBKB,
,,,,,,,,,,,,,,,VEGFC,HLA-F,,ICOS,CXCL3,,,,CDKN1A,HLA-DPB1,IFNA1,IL6R,DPP4,MAP3K5,LOXL2,FOSL1,TNFSF13B,,GNG4,,,TNFRSF10B,IL1A,
,,,,,,,,,,,,,,,,IFNG,,ICOSLG,CXCL5,,,,EIF4EBP1,HLA-DQA1,IFNAR1,IL7R,EGR1,MAP3K7,LTBP1,FPR1,TNFSF18,,HRAS,,,TNFSF10,IL6,
,,,,,,,,,,,,,,,,IRF8,,IKBKB,CXCL6,,,,EGFR,HLA-DQA2,IFNG,IRF9,EOMES,MAP3K8,MMP1,FPR3,TNFSF4,,IFNA1,,,TP53,KIT,
,,,,,,,,,,,,,,,,ITGAV,,IKBKG,CXCL8,,,,PIK3R2,HLA-DQB1,IFNGR1,JAK1,F2RL1,MAPK10,MMP7,HCK,UBB,,IFNAR1,,,UBB,KRAS,
,,,,,,,,,,,,,,,,KIF2C,,IL15,CXCL9,,,,IFNG,HLA-DRA,IFNGR2,JAK2,GNLY,MET,MMP9,IER3,,,IKBKB,,,,LDHA,
,,,,,,,,,,,,,,,,KIR2DL3,,IL17A,CXCR2,,,,NFKB1,HLA-DRB1,IGF2R,JAK3,GZMA,MYC,NCAM1,IL1A,,,IKBKG,,,,LDHB,
,,,,,,,,,,,,,,,,KIR3DL1,,IL18,CXCR3,,,,PIK3R1,HLA-DRB5,IRF1,LIF,GZMB,NF1,NID2,IL1B,,,IL2,,,,MAP3K5,
,,,,,,,,,,,,,,,,KIR3DL2,,IL18R1,CXCR4,,,,AKT1,HLA-E,IRF2,MTOR,GZMH,NFKB1,PDGFA,IL1RN,,,IL2RA,,,,MAPK10,
,,,,,,,,,,,,,,,,KLRD1,,IL2,CXCR6,,,,STAT3,HLA-F,IRF3,MYC,GZMK,NFKB2,PDGFB,ITGAM,,,IL2RB,,,,MET,
,,,,,,,,,,,,,,,,MRC1,,IL2RA,GNG4,,,,ERBB2,ICAM1,IRF4,PIAS4,GZMM,NGFR,PECAM1,ITGAX,,,IL2RG,,,,MTOR,
,,,,,,,,,,,,,,,,PSMB10,,IL2RB,HCK,,,,VEGFA,ICAM2,IRF5,PIK3CA,HLA-DOB,NRAS,PLOD2,LAMB3,,,IL4,,,,MYC,
,,,,,,,,,,,,,,,,PSMB5,,IL2RG,HRAS,,,,ALDOA,ICAM3,IRF7,PIK3CD,ICOS,PDGFA,PRKCA,LIF,,,IL6,,,,NBN,
,,,,,,,,,,,,,,,,PSMB8,,IL4,IKBKB,,,,ANGPT1,ICAM5,IRF8,PIK3CG,ICOSLG,PDGFB,RELN,LILRA5,,,IL6R,,,,NFKB1,
,,,,,,,,,,,,,,,,PSMB9,,LAG3,IKBKG,,,,NOS2,ICOS,IRF9,PIK3R1,IDO1,PDGFRB,SERPINH1,LILRB2,,,IL7R,,,,NRAS,
,,,,,,,,,,,,,,,,PSMC4,,LCK,IL10,,,,LDHA,ICOSLG,ISG15,PIK3R2,IFI27,PIK3CA,SPP1,LY96,,,ITGA1,,,,PC,
,,,,,,,,,,,,,,,,SOCS1,,LILRB2,IL10RA,,,,MTOR,ITGA1,JAK1,PIK3R5,IFIT1,PIK3CD,TGFB1,LYZ,,,ITGA2,,,,PCK2,
,,,,,,,,,,,,,,,,TAP1,,LY9,IL11,,,,ANGPTL4,ITGA2,JAK2,PRLR,IFITM1,PIK3CG,TGFB2,MARCO,,,ITGA4,,,,PDGFRB,
,,,,,,,,,,,,,,,,TAP2,,MAP3K7,IL11RA,,,,IL6R,ITGA4,MX1,PTPN11,IFNG,PIK3R1,TGFB3,MMP1,,,ITGA6,,,,PDK1,
,,,,,,,,,,,,,,,,TAPBP,,MAP3K8,IL12RB2,,,,ADM,ITGA6,NCAM1,SOCS1,IGF2R,PIK3R2,THBS1,MRC1,,,ITGAV,,,,PFKFB3,
,,,,,,,,,,,,,,,,THBD,,MTOR,IL15,,,,BCL2,ITGAE,OAS1,STAT1,IL11,PIK3R5,VCAM1,NFAM1,,,ITGB3,,,,PFKM,
,,,,,,,,,,,,,,,,TNF,,NECTIN2,IL16,,,,ANGPT2,ITGAL,OAS2,STAT2,IL12RB2,PLA1A,VCAN,NLRP3,,,ITGB8,,,,PIK3CA,
,,,,,,,,,,,,,,,,TRIM21,,NFATC2,IL17A,,,,,ITGAM,OAS3,STAT3,IL18R1,PLA2G2A,,NOS2,,,JAK1,,,,PIK3CD,
,,,,,,,,,,,,,,,,UBA7,,NFKB1,IL18,,,,,ITGAV,OASL,STAT4,IL2RG,PRKACB,,OLR1,,,JAK2,,,,PIK3CG,
,,,,,,,,,,,,,,,,UBB,,NFKBIA,IL18R1,,,,,ITGAX,PSMB8,TSLP,IRF4,PRKCA,,P2RY13,,,JAK3,,,,PIK3R1,
,,,,,,,,,,,,,,,,UBE2C,,PDCD1,IL1A,,,,,ITGB2,PTPN11,,IRF9,PTPN11,,PDZK1IP1,,,KDR,,,,PIK3R2,
,,,,,,,,,,,,,,,,ULBP2,,PDCD1LG2,IL1B,,,,,ITGB3,RSAD2,,ISG15,RASAL1,,PTGS2,,,KIT,,,,PIK3R5,
,,,,,,,,,,,,,,,,VHL,,PIK3CA,IL1R2,,,,,ITGB8,SOCS1,,ITGA1,RASGRF1,,S100A12,,,KRAS,,,,PKM,
,,,,,,,,,,,,,,,,,,PIK3R1,IL1RN,,,,,MMP9,STAT1,,JAK1,RELA,,S100A8,,,LAMA1,,,,PRKAA2,
,,,,,,,,,,,,,,,,,,PIK3R2,IL2,,,,,NCAM1,STAT2,,JAK2,RELB,,S100A9,,,LAMB3,,,,PRKCA,
,,,,,,,,,,,,,,,,,,PRR5,IL21R,,,,,NECTIN1,TRIM21,,KIR2DL3,SHC2,,SERPINA1,,,LAMC2,,,,PRR5,
,,,,,,,,,,,,,,,,,,PSMB10,IL22RA1,,,,,NECTIN2,UBA7,,KIR3DL1,TGFB1,,SIGLEC8,,,MET,,,,PTEN,
,,,,,,,,,,,,,,,,,,PSMB5,IL24,,,,,PDCD1,UBB,,KIR3DL2,TGFB2,,SIRPA,,,MTOR,,,,RAD50,
,,,,,,,,,,,,,,,,,,PSMB8,IL2RA,,,,,PDCD1LG2,VCAM1,,KLRB1,TGFB3,,SIRPB2,,,MYC,,,,RB1,
,,,,,,,,,,,,,,,,,,PSMB9,IL2RB,,,,,PECAM1,,,KLRD1,TGFBR1,,SLC11A1,,,NFKB1,,,,RELA,
,,,,,,,,,,,,,,,,,,PSMC4,IL2RG,,,,,PIK3CA,,,KLRK1,TGFBR2,,TLR1,,,NGFR,,,,RICTOR,
,,,,,,,,,,,,,,,,,,PTEN,IL32,,,,,PIK3CD,,,LAG3,TNF,,TLR2,,,NRAS,,,,RPS6KB1,
,,,,,,,,,,,,,,,,,,PTGS2,IL33,,,,,PIK3CG,,,LCK,TNFRSF1A,,TLR4,,,PCK2,,,,RPTOR,
,,,,,,,,,,,,,,,,,,PTPN11,IL34,,,,,PIK3R1,,,LY9,TP53,,TLR8,,,PDGFA,,,,SGK1,
,,,,,,,,,,,,,,,,,,PTPRC,IL4,,,,,PIK3R2,,,MS4A1,VEGFA,,TNFAIP6,,,PDGFB,,,,SLC16A1,
,,,,,,,,,,,,,,,,,,PVRIG,IL6,,,,,PIK3R5,,,MX1,VEGFB,,TREM1,,,PDGFRB,,,,SLC1A5,
,,,,,,,,,,,,,,,,,,RELA,IL6R,,,,,PRKCA,,,PDCD1,VEGFC,,TREM2,,,PIK3CA,,,,SLC2A1,
,,,,,,,,,,,,,,,,,,RICTOR,IL7R,,,,,PTPN11,,,PRF1,ZAP70,,,,,PIK3CD,,,,SLC7A5,
,,,,,,,,,,,,,,,,,,RIPK2,JAK2,,,,,PTPRC,,,PVR,,,,,,PIK3CG,,,,STAT3,
,,,,,,,,,,,,,,,,,,SPP1,JAK3,,,,,PVR,,,SLAMF7,,,,,,PIK3R1,,,,TNF,
,,,,,,,,,,,,,,,,,,STAT4,KRAS,,,,,ROCK1,,,STAT1,,,,,,PIK3R2,,,,TP53,
,,,,,,,,,,,,,,,,,,TIGIT,NFKB1,,,,,SELE,,,STAT2,,,,,,PIK3R5,,,,TPI1,
,,,,,,,,,,,,,,,,,,TNFRSF14,NFKBIA,,,,,SELL,,,TBX21,,,,,,PRKAA2,,,,UBB,
,,,,,,,,,,,,,,,,,,TNFRSF25,NRAS,,,,,SELP,,,TIGIT,,,,,,PRKCA,,,,UBE2C,
,,,,,,,,,,,,,,,,,,TNFSF9,PF4,,,,,SIGLEC1,,,TNFRSF25,,,,,,PRLR,,,,VEGFA,
,,,,,,,,,,,,,,,,,,TRAT1,PIK3CA,,,,,THY1,,,ZAP70,,,,,,PTEN,,,,VHL,
,,,,,,,,,,,,,,,,,,TSLP,PIK3CD,,,,,TIGIT,,,,,,,,,RBL2,,,,,
,,,,,,,,,,,,,,,,,,UBB,PIK3CG,,,,,VCAM1,,,,,,,,,RELA,,,,,
,,,,,,,,,,,,,,,,,,VTCN1,PIK3R1,,,,,VCAN,,,,,,,,,RELN,,,,,
,,,,,,,,,,,,,,,,,,ZAP70,PIK3R2,,,,,VTCN1,,,,,,,,,RPS6KB1,,,,,
,,,,,,,,,,,,,,,,,,,PIK3R5,,,,,,,,,,,,,,RPTOR,,,,,
,,,,,,,,,,,,,,,,,,,PRKACB,,,,,,,,,,,,,,SGK1,,,,,
,,,,,,,,,,,,,,,,,,,RELA,,,,,,,,,,,,,,SPP1,,,,,
,,,,,,,,,,,,,,,,,,,ROCK1,,,,,,,,,,,,,,SYK,,,,,
,,,,,,,,,,,,,,,,,,,SHC2,,,,,,,,,,,,,,TCL1A,,,,,
,,,,,,,,,,,,,,,,,,,STAT1,,,,,,,,,,,,,,THBS1,,,,,
,,,,,,,,,,,,,,,,,,,STAT2,,,,,,,,,,,,,,TLR2,,,,,
,,,,,,,,,,,,,,,,,,,STAT3,,,,,,,,,,,,,,TLR4,,,,,
,,,,,,,,,,,,,,,,,,,,,,,,,,,,,,,,,TP53,,,,,
,,,,,,,,,,,,,,,,,,,,,,,,,,,,,,,,,VEGFA,,,,,
,,,,,,,,,,,,,,,,,,,,,,,,,,,,,,,,,VEGFB,,,,,
,,,,,,,,,,,,,,,,,,,,,,,,,,,,,,,,,VEGFC,,,,,
